company,quarter,cash_flow_quality_score
Gree,2023-Q4,2.0829378904962645
Gree,2024-Q1,-0.020419364127430544
Gree,2024-Q2,0.08666613564465067
Gree,2024-Q3,0.348260773747848
Haier,2023-Q4,1.273484319034213
Haier,2024-Q1,0.019502486675618776
Haier,2024-Q2,0.15887148774544094
Haier,2024-Q3,0.4317815182151948
Midea,2023-Q4,1.9190008411507662
Midea,2024-Q1,0.12685675691619297
Midea,2024-Q2,0.5186792207008781
Midea,2024-Q3,1.3973565461412834
